-- MySQL dump 10.16  Distrib 10.1.23-MariaDB, for debian-linux-gnueabihf (armv7l)
--
-- Host: localhost    Database: r21
-- ------------------------------------------------------
-- Server version	10.1.23-MariaDB-9+deb9u1

/*!40101 SET @OLD_CHARACTER_SET_CLIENT=@@CHARACTER_SET_CLIENT */;
/*!40101 SET @OLD_CHARACTER_SET_RESULTS=@@CHARACTER_SET_RESULTS */;
/*!40101 SET @OLD_COLLATION_CONNECTION=@@COLLATION_CONNECTION */;
/*!40101 SET NAMES utf8mb4 */;
/*!40103 SET @OLD_TIME_ZONE=@@TIME_ZONE */;
/*!40103 SET TIME_ZONE='+00:00' */;
/*!40014 SET @OLD_UNIQUE_CHECKS=@@UNIQUE_CHECKS, UNIQUE_CHECKS=0 */;
/*!40014 SET @OLD_FOREIGN_KEY_CHECKS=@@FOREIGN_KEY_CHECKS, FOREIGN_KEY_CHECKS=0 */;
/*!40101 SET @OLD_SQL_MODE=@@SQL_MODE, SQL_MODE='NO_AUTO_VALUE_ON_ZERO' */;
/*!40111 SET @OLD_SQL_NOTES=@@SQL_NOTES, SQL_NOTES=0 */;

--
-- Table structure for table `encounters`
--

DROP TABLE IF EXISTS `encounters`;
/*!40101 SET @saved_cs_client     = @@character_set_client */;
/*!40101 SET character_set_client = utf8 */;
CREATE TABLE `encounters` (
  `id` int(11) unsigned NOT NULL AUTO_INCREMENT,
  `playerA_id` int(11) NOT NULL,
  `playerB_id` int(11) NOT NULL,
  `ts_insert` timestamp NOT NULL DEFAULT CURRENT_TIMESTAMP,
  `ts_update` timestamp NULL DEFAULT NULL ON UPDATE CURRENT_TIMESTAMP,
  PRIMARY KEY (`id`)
) ENGINE=InnoDB AUTO_INCREMENT=52 DEFAULT CHARSET=utf8;
/*!40101 SET character_set_client = @saved_cs_client */;

--
-- Dumping data for table `encounters`
--

LOCK TABLES `encounters` WRITE;
/*!40000 ALTER TABLE `encounters` DISABLE KEYS */;
INSERT INTO `encounters` VALUES (1,1,2,'2018-09-18 14:31:04',NULL),(2,3,4,'2018-09-18 14:31:05',NULL),(3,3,2,'2018-09-18 14:31:05',NULL),(4,2,4,'2018-09-18 14:31:05',NULL),(5,1,4,'2018-09-18 14:31:05',NULL),(6,4,3,'2018-09-18 14:31:05',NULL),(7,4,2,'2018-09-18 14:31:06',NULL),(8,4,1,'2018-09-18 14:31:06',NULL),(9,1,5,'2018-09-18 14:31:07',NULL),(10,5,6,'2018-09-18 14:31:07',NULL),(11,6,5,'2018-09-18 14:31:07',NULL),(12,5,1,'2018-09-18 14:31:07',NULL),(13,2,1,'2018-09-18 14:31:08',NULL),(14,7,1,'2018-09-18 14:31:09',NULL),(15,1,7,'2018-09-18 14:31:09',NULL),(16,1,8,'2018-09-18 14:31:12',NULL),(17,9,2,'2018-09-18 14:31:12',NULL),(18,1,9,'2018-09-18 14:31:13',NULL),(19,9,1,'2018-09-18 14:31:13',NULL),(20,5,2,'2018-09-18 14:31:14',NULL),(21,2,5,'2018-09-18 14:31:14',NULL),(22,2,7,'2018-09-18 14:31:16',NULL),(23,10,1,'2018-09-18 14:31:17',NULL),(24,1,10,'2018-09-18 14:31:17',NULL),(25,8,7,'2018-09-18 14:31:18',NULL),(26,7,8,'2018-09-18 14:31:18',NULL),(27,7,11,'2018-09-18 14:31:18',NULL),(28,11,1,'2018-09-18 14:31:18',NULL),(29,1,11,'2018-09-18 14:31:18',NULL),(30,2,8,'2018-09-18 14:31:19',NULL),(31,5,7,'2018-09-18 14:31:20',NULL),(32,2,12,'2018-09-18 14:31:20',NULL),(33,12,5,'2018-09-18 14:31:21',NULL),(34,5,11,'2018-09-18 14:31:21',NULL),(35,11,2,'2018-09-18 14:31:21',NULL),(36,5,8,'2018-09-18 14:31:22',NULL),(37,13,1,'2018-09-18 14:31:22',NULL),(38,1,13,'2018-09-18 14:31:22',NULL),(39,2,13,'2018-09-18 14:31:23',NULL),(40,13,2,'2018-09-18 14:31:24',NULL),(41,7,5,'2018-09-27 18:05:26',NULL),(42,1,14,'2018-09-27 18:18:34',NULL),(43,14,1,'2018-09-27 18:22:01',NULL),(44,14,7,'2018-09-27 19:30:11',NULL),(45,14,2,'2018-09-27 19:33:28',NULL),(46,7,2,'2018-09-27 19:51:45',NULL),(47,13,7,'2018-10-03 16:19:08',NULL),(48,7,15,'2018-10-03 16:32:01',NULL),(49,7,13,'2018-10-03 16:44:38',NULL),(50,15,13,'2018-10-03 17:10:31',NULL),(51,15,1,'2018-10-03 17:23:25',NULL);
/*!40000 ALTER TABLE `encounters` ENABLE KEYS */;
UNLOCK TABLES;

--
-- Table structure for table `games`
--

DROP TABLE IF EXISTS `games`;
/*!40101 SET @saved_cs_client     = @@character_set_client */;
/*!40101 SET character_set_client = utf8 */;
CREATE TABLE `games` (
  `id` int(11) unsigned NOT NULL AUTO_INCREMENT,
  `scoreplayerA` int(2) NOT NULL DEFAULT '99',
  `scoreplayerB` int(2) NOT NULL DEFAULT '99',
  `encounter_id` int(11) NOT NULL,
  `isApproved` tinyint(1) NOT NULL DEFAULT '0',
  `ts_insert` timestamp NOT NULL DEFAULT CURRENT_TIMESTAMP,
  `ts_update` timestamp NULL DEFAULT NULL ON UPDATE CURRENT_TIMESTAMP,
  PRIMARY KEY (`id`)
) ENGINE=InnoDB AUTO_INCREMENT=240 DEFAULT CHARSET=utf8;
/*!40101 SET character_set_client = @saved_cs_client */;

--
-- Dumping data for table `games`
--

LOCK TABLES `games` WRITE;
/*!40000 ALTER TABLE `games` DISABLE KEYS */;
INSERT INTO `games` VALUES (1,1,0,1,0,'2017-04-28 20:00:00',NULL),(2,1,0,1,0,'2017-04-28 20:00:00',NULL),(3,1,0,1,0,'2017-04-28 20:00:00',NULL),(4,0,1,1,0,'2017-04-28 20:00:00',NULL),(5,0,1,1,0,'2017-04-28 20:00:00',NULL),(6,0,1,1,0,'2017-04-28 20:00:00',NULL),(7,1,0,2,0,'2017-04-28 20:00:00',NULL),(8,0,1,3,0,'2017-04-29 20:00:00',NULL),(9,1,0,4,0,'2017-04-29 20:00:00',NULL),(10,1,0,5,0,'2017-04-29 20:00:00',NULL),(11,1,0,6,0,'2017-04-29 20:00:00',NULL),(12,1,0,7,0,'2017-04-29 20:00:00',NULL),(13,0,1,7,0,'2017-04-29 20:00:00',NULL),(14,1,0,8,0,'2017-04-29 20:00:00',NULL),(15,0,1,6,0,'2017-04-29 20:00:00',NULL),(16,0,1,1,0,'2017-04-29 20:00:00',NULL),(17,1,0,7,0,'2017-04-29 20:00:00',NULL),(18,1,0,8,0,'2017-04-29 20:00:00',NULL),(19,0,1,7,0,'2017-04-29 20:00:00',NULL),(20,1,0,6,0,'2017-04-29 20:00:00',NULL),(21,0,1,9,0,'2017-05-01 20:00:00',NULL),(22,0,1,9,0,'2017-05-01 20:00:00',NULL),(23,1,0,10,0,'2017-05-05 20:00:00',NULL),(24,1,0,10,0,'2017-05-05 20:00:00',NULL),(25,1,0,10,0,'2017-05-05 20:00:00',NULL),(26,0,1,10,0,'2017-05-05 20:00:00',NULL),(27,1,0,11,0,'2017-05-05 20:00:00',NULL),(28,1,0,12,0,'2017-05-05 20:00:00',NULL),(29,0,1,12,0,'2017-05-05 20:00:00',NULL),(30,0,1,12,0,'2017-05-05 20:00:00',NULL),(31,0,1,12,0,'2017-05-05 20:00:00',NULL),(32,0,1,13,0,'2017-05-14 20:00:00',NULL),(33,0,1,1,0,'2017-05-14 20:00:00',NULL),(34,0,1,13,0,'2017-05-14 20:00:00',NULL),(35,1,0,1,0,'2017-05-14 20:00:00',NULL),(36,1,0,1,0,'2017-05-14 20:00:00',NULL),(37,1,0,1,0,'2017-05-14 20:00:00',NULL),(38,0,1,1,0,'2017-05-14 20:00:00',NULL),(39,1,0,13,0,'2017-05-14 20:00:00',NULL),(40,0,1,14,0,'2017-05-14 20:00:00',NULL),(41,0,1,15,0,'2017-05-14 20:00:00',NULL),(42,0,1,12,0,'2017-05-17 20:00:00',NULL),(43,0,1,9,0,'2017-05-17 20:00:00',NULL),(44,0,1,12,0,'2017-05-17 20:00:00',NULL),(45,1,0,9,0,'2017-05-17 20:00:00',NULL),(46,1,0,9,0,'2017-05-17 20:00:00',NULL),(47,1,0,9,0,'2017-05-17 20:00:00',NULL),(48,0,1,9,0,'2017-05-17 20:00:00',NULL),(49,0,1,12,0,'2017-05-17 20:00:00',NULL),(50,1,0,9,0,'2017-05-17 20:00:00',NULL),(51,0,1,9,0,'2017-05-17 20:00:00',NULL),(52,1,0,12,0,'2017-05-17 20:00:00',NULL),(53,1,0,12,0,'2017-05-17 20:00:00',NULL),(54,1,0,12,0,'2017-05-29 20:00:00',NULL),(55,1,0,12,0,'2017-05-29 20:00:00',NULL),(56,0,1,12,0,'2017-05-29 20:00:00',NULL),(57,0,1,9,0,'2017-05-29 20:00:00',NULL),(58,0,1,12,0,'2017-05-29 20:00:00',NULL),(59,1,0,9,0,'2017-05-29 20:00:00',NULL),(60,1,0,16,0,'2017-06-02 20:00:00',NULL),(61,1,0,1,0,'2017-06-02 20:00:00',NULL),(62,0,1,1,0,'2017-06-02 20:00:00',NULL),(63,1,0,17,0,'2017-06-02 20:00:00',NULL),(64,0,1,17,0,'2017-06-02 20:00:00',NULL),(65,0,1,17,0,'2017-06-02 20:00:00',NULL),(66,0,1,17,0,'2017-06-02 20:00:00',NULL),(67,1,0,18,0,'2017-06-02 20:00:00',NULL),(68,0,1,18,0,'2017-06-02 20:00:00',NULL),(69,1,0,19,0,'2017-06-02 20:00:00',NULL),(70,1,0,19,0,'2017-06-02 20:00:00',NULL),(71,1,0,9,0,'2017-06-08 20:00:00',NULL),(72,0,1,9,0,'2017-06-08 20:00:00',NULL),(73,0,1,12,0,'2017-06-08 20:00:00',NULL),(74,0,1,9,0,'2017-06-08 20:00:00',NULL),(75,0,1,12,0,'2017-06-08 20:00:00',NULL),(76,1,0,1,0,'2017-06-08 20:00:00',NULL),(77,1,0,20,0,'2017-06-08 20:00:00',NULL),(78,0,1,20,0,'2017-06-08 20:00:00',NULL),(79,1,0,13,0,'2017-06-08 20:00:00',NULL),(80,0,1,21,0,'2017-06-08 20:00:00',NULL),(81,1,0,13,0,'2017-06-08 20:00:00',NULL),(82,0,1,21,0,'2017-06-08 20:00:00',NULL),(83,1,0,12,0,'2017-06-09 20:00:00',NULL),(84,0,1,12,0,'2017-06-09 20:00:00',NULL),(85,1,0,9,0,'2017-06-09 20:00:00',NULL),(86,1,0,12,0,'2017-06-09 20:00:00',NULL),(87,0,1,13,0,'2017-06-22 20:00:00',NULL),(88,0,1,1,0,'2017-06-22 20:00:00',NULL),(89,0,1,21,0,'2017-06-22 20:00:00',NULL),(90,1,0,20,0,'2017-06-22 20:00:00',NULL),(91,0,1,20,0,'2017-06-22 20:00:00',NULL),(92,1,0,13,0,'2017-06-22 20:00:00',NULL),(93,1,0,21,0,'2017-06-22 20:00:00',NULL),(94,0,1,21,0,'2017-06-22 20:00:00',NULL),(95,1,0,21,0,'2017-06-22 20:00:00',NULL),(96,0,1,21,0,'2017-06-22 20:00:00',NULL),(97,0,1,22,0,'2017-06-22 20:00:00',NULL),(98,1,0,22,0,'2017-06-23 20:00:00',NULL),(99,1,0,21,0,'2017-06-23 20:00:00',NULL),(100,0,1,8,0,'2017-06-28 20:00:00',NULL),(101,1,0,5,0,'2017-06-28 20:00:00',NULL),(102,0,1,5,0,'2017-06-28 20:00:00',NULL),(103,0,1,8,0,'2017-06-28 20:00:00',NULL),(104,1,0,5,0,'2017-06-28 20:00:00',NULL),(105,0,1,5,0,'2017-06-28 20:00:00',NULL),(106,0,1,8,0,'2017-06-28 20:00:00',NULL),(107,0,1,23,0,'2017-07-20 20:00:00',NULL),(108,0,1,24,0,'2017-07-20 20:00:00',NULL),(109,0,1,23,0,'2017-07-20 20:00:00',NULL),(110,1,0,15,0,'2017-07-22 20:00:00',NULL),(111,1,0,15,0,'2017-07-22 20:00:00',NULL),(112,0,1,16,0,'2017-07-22 20:00:00',NULL),(113,1,0,25,0,'2017-07-22 20:00:00',NULL),(114,1,0,26,0,'2017-07-22 20:00:00',NULL),(115,1,0,27,0,'2017-07-22 20:00:00',NULL),(116,0,1,28,0,'2017-07-22 20:00:00',NULL),(117,1,0,29,0,'2017-07-22 20:00:00',NULL),(118,0,1,13,0,'2017-08-12 20:00:00',NULL),(119,0,1,1,0,'2017-08-12 20:00:00',NULL),(120,1,0,13,0,'2017-08-12 20:00:00',NULL),(121,1,0,13,0,'2017-08-12 20:00:00',NULL),(122,1,0,30,0,'2017-08-12 20:00:00',NULL),(123,1,0,13,0,'2017-08-12 20:00:00',NULL),(124,0,1,13,0,'2017-08-12 20:00:00',NULL),(125,0,1,1,0,'2017-08-12 20:00:00',NULL),(126,1,0,13,0,'2017-10-06 20:00:00',NULL),(127,0,1,13,0,'2017-10-06 20:00:00',NULL),(128,0,1,1,0,'2017-10-06 20:00:00',NULL),(129,1,0,13,0,'2017-10-06 20:00:00',NULL),(130,0,1,21,0,'2017-10-06 20:00:00',NULL),(131,1,0,31,0,'2017-10-06 20:00:00',NULL),(132,1,0,31,0,'2017-10-06 20:00:00',NULL),(133,0,1,32,0,'2017-10-06 20:00:00',NULL),(134,0,1,33,0,'2017-10-07 20:00:00',NULL),(135,1,0,20,0,'2017-10-07 20:00:00',NULL),(136,1,0,12,0,'2017-10-07 20:00:00',NULL),(137,0,1,20,0,'2017-10-07 20:00:00',NULL),(138,0,1,29,0,'2017-10-07 20:00:00',NULL),(139,1,0,20,0,'2017-10-07 20:00:00',NULL),(140,0,1,34,0,'2017-10-07 20:00:00',NULL),(141,0,1,35,0,'2017-10-07 20:00:00',NULL),(142,0,1,21,0,'2017-10-07 20:00:00',NULL),(143,0,1,36,0,'2017-10-12 20:00:00',NULL),(144,0,1,9,0,'2017-10-12 20:00:00',NULL),(145,1,0,12,0,'2017-10-13 20:00:00',NULL),(146,0,1,37,0,'2017-10-23 20:00:00',NULL),(147,0,1,38,0,'2017-10-23 20:00:00',NULL),(148,0,1,37,0,'2017-10-23 20:00:00',NULL),(149,1,0,12,0,'2017-10-31 22:00:00',NULL),(150,0,1,12,0,'2017-10-31 22:00:00',NULL),(151,0,1,9,0,'2017-10-31 22:00:00',NULL),(152,1,0,38,0,'2018-09-15 20:00:00',NULL),(153,0,1,38,0,'2018-09-15 20:00:00',NULL),(154,0,1,37,0,'2018-09-15 20:00:00',NULL),(155,1,0,39,0,'2018-09-15 20:00:00',NULL),(156,0,1,39,0,'2018-09-15 20:00:00',NULL),(157,0,1,40,0,'2018-09-15 20:00:00',NULL),(158,0,1,13,0,'2018-09-15 20:00:00',NULL),(159,0,1,1,0,'2018-09-15 20:00:00',NULL),(160,1,0,39,0,'2018-09-15 20:00:00',NULL),(161,1,0,39,0,'2018-09-15 20:00:00',NULL),(162,1,0,40,0,'2018-09-15 20:00:00',NULL),(163,0,1,40,0,'2018-09-15 20:00:00',NULL),(164,1,0,39,0,'2018-09-15 20:00:00',NULL),(165,0,1,13,0,'2018-09-15 20:00:00',NULL),(166,0,1,38,0,'2018-09-15 20:00:00',NULL),(167,0,1,40,0,'2018-09-15 20:00:00',NULL),(168,1,0,13,0,'2018-09-18 16:52:33',NULL),(169,1,0,13,0,'2018-09-18 16:59:08',NULL),(170,0,1,13,0,'2018-09-18 17:09:05',NULL),(171,0,1,1,0,'2018-09-18 17:20:48',NULL),(172,0,1,13,0,'2018-09-18 17:33:17',NULL),(173,1,0,1,0,'2018-09-18 17:37:20',NULL),(174,0,1,1,0,'2018-09-18 17:52:28',NULL),(175,1,0,13,0,'2018-09-18 18:04:11',NULL),(176,1,0,13,0,'2018-09-20 17:45:54',NULL),(177,1,0,13,0,'2018-09-20 18:04:17',NULL),(178,1,0,13,0,'2018-09-20 18:17:35',NULL),(179,0,1,13,0,'2018-09-20 18:43:00',NULL),(180,0,1,1,0,'2018-09-20 19:04:41',NULL),(181,0,1,13,0,'2018-09-27 15:41:02',NULL),(182,1,0,15,0,'2018-09-27 15:54:42',NULL),(183,0,1,1,0,'2018-09-27 16:05:14',NULL),(184,1,0,22,0,'2018-09-27 16:27:45',NULL),(185,1,0,21,0,'2018-09-27 17:01:43',NULL),(186,0,1,21,0,'2018-09-27 17:09:29',NULL),(187,1,0,31,0,'2018-09-27 17:23:25',NULL),(188,1,0,31,0,'2018-09-27 17:29:42',NULL),(189,0,1,20,0,'2018-09-27 17:36:21',NULL),(190,0,1,22,0,'2018-09-27 17:51:26',NULL),(191,0,1,41,0,'2018-09-27 18:05:26',NULL),(192,1,0,42,0,'2018-09-27 18:18:34',NULL),(193,1,0,43,0,'2018-09-27 18:22:01',NULL),(194,0,1,43,0,'2018-09-27 18:28:53',NULL),(195,1,0,20,0,'2018-09-27 18:47:51',NULL),(196,1,0,20,0,'2018-09-27 18:56:37',NULL),(197,1,0,20,0,'2018-09-27 19:10:58',NULL),(198,1,0,44,0,'2018-09-27 19:30:11',NULL),(199,0,1,45,0,'2018-09-27 19:33:28',NULL),(200,0,1,46,0,'2018-09-27 19:51:45',NULL),(201,1,0,37,0,'2018-10-03 16:08:18',NULL),(202,0,1,47,0,'2018-10-03 16:19:08',NULL),(203,1,0,48,0,'2018-10-03 16:32:01',NULL),(204,1,0,49,0,'2018-10-03 16:44:38',NULL),(205,0,1,48,0,'2018-10-03 16:59:00',NULL),(206,1,0,50,0,'2018-10-03 17:10:31',NULL),(207,1,0,51,0,'2018-10-03 17:23:25',NULL),(208,1,0,51,0,'2018-10-03 17:40:59',NULL),(209,0,1,49,0,'2018-10-03 17:54:00',NULL),(210,1,0,50,0,'2018-10-03 18:09:10',NULL),(211,0,1,51,0,'2018-10-03 18:16:42',NULL),(212,0,1,15,0,'2018-10-03 18:27:35',NULL),(213,0,1,48,0,'2018-10-03 18:36:34',NULL),(214,1,0,50,0,'2018-10-03 18:45:01',NULL),(215,0,1,13,0,'2018-10-05 17:20:19',NULL),(216,0,1,1,0,'2018-10-05 17:26:25',NULL),(217,1,0,13,0,'2018-10-05 17:38:15',NULL),(218,1,0,13,0,'2018-10-05 17:47:13',NULL),(219,1,0,13,0,'2018-10-05 17:56:57',NULL),(220,0,1,13,0,'2018-10-05 18:11:36',NULL),(221,0,1,1,0,'2018-10-05 18:21:20',NULL),(222,0,1,13,0,'2018-10-05 18:36:06',NULL),(223,1,0,15,0,'2018-10-05 18:49:53',NULL),(224,0,1,22,0,'2018-10-05 19:07:28',NULL),(225,0,1,46,0,'2018-10-05 19:18:20',NULL),(226,1,0,22,0,'2018-10-05 19:27:03',NULL),(227,1,0,22,0,'2018-10-05 19:48:58',NULL),(228,0,1,22,0,'2018-10-05 20:03:52',NULL),(229,1,0,46,0,'2018-10-05 20:16:41',NULL),(230,1,0,46,0,'2018-10-05 20:25:02',NULL),(231,1,0,46,0,'2018-10-05 20:40:25',NULL),(232,1,0,46,0,'2018-10-05 20:48:59',NULL),(233,0,1,46,0,'2018-10-05 20:52:49',NULL),(234,0,1,22,0,'2018-10-05 21:01:38',NULL),(235,1,0,46,0,'2018-10-05 21:12:07',NULL),(236,1,0,46,0,'2018-10-05 21:23:42',NULL),(237,1,0,46,0,'2018-10-05 21:31:58',NULL),(238,1,0,46,0,'2018-10-05 21:48:07',NULL),(239,1,0,22,0,'2018-10-05 22:04:18',NULL);
/*!40000 ALTER TABLE `games` ENABLE KEYS */;
UNLOCK TABLES;

--
-- Table structure for table `players`
--

DROP TABLE IF EXISTS `players`;
/*!40101 SET @saved_cs_client     = @@character_set_client */;
/*!40101 SET character_set_client = utf8 */;
CREATE TABLE `players` (
  `id` int(11) unsigned NOT NULL AUTO_INCREMENT,
  `name` varchar(255) NOT NULL DEFAULT '',
  `games_total` int(11) NOT NULL DEFAULT '0',
  `games_won` int(11) NOT NULL DEFAULT '0',
  `games_lost` int(11) NOT NULL DEFAULT '0',
  `games_win_lost` float DEFAULT NULL,
  `ts_insert` timestamp NOT NULL DEFAULT CURRENT_TIMESTAMP,
  `ts_update` timestamp NULL DEFAULT NULL ON UPDATE CURRENT_TIMESTAMP,
  PRIMARY KEY (`id`)
) ENGINE=InnoDB AUTO_INCREMENT=16 DEFAULT CHARSET=utf8;
/*!40101 SET character_set_client = @saved_cs_client */;

--
-- Dumping data for table `players`
--

LOCK TABLES `players` WRITE;
/*!40000 ALTER TABLE `players` DISABLE KEYS */;
INSERT INTO `players` VALUES (1,'Schwiddi',142,67,75,47.1831,'2018-09-18 14:31:04','2018-10-05 18:49:53'),(2,'Mani',127,69,58,54.3307,'2018-09-18 14:31:04','2018-10-05 22:04:18'),(3,'Fatime',5,2,3,40,'2018-09-18 14:31:05','2018-09-18 14:31:07'),(4,'Lea',19,8,11,42.1053,'2018-09-18 14:31:05','2018-09-18 14:31:17'),(5,'Bäsä',75,44,31,58.6667,'2018-09-18 14:31:07','2018-09-27 19:10:58'),(6,'Reto',5,2,3,40,'2018-09-18 14:31:07','2018-09-18 14:31:07'),(7,'Uli',43,20,23,46.5116,'2018-09-18 14:31:09','2018-10-05 22:04:18'),(8,'Töbu',6,3,3,50,'2018-09-18 14:31:12','2018-09-18 14:31:22'),(9,'Mike',8,4,4,50,'2018-09-18 14:31:12','2018-09-18 14:31:13'),(10,'Till',3,1,2,33.3333,'2018-09-18 14:31:17','2018-09-18 14:31:17'),(11,'Tina',6,2,4,33.3333,'2018-09-18 14:31:18','2018-09-18 14:31:21'),(12,'Jönu',2,1,1,50,'2018-09-18 14:31:20','2018-09-18 14:31:21'),(13,'Hazem',23,7,16,30.4348,'2018-09-18 14:31:22','2018-10-03 18:45:01'),(14,'Keys',5,2,3,40,'2018-09-27 18:18:34','2018-09-27 19:33:28'),(15,'Bäri',9,7,2,77.7778,'2018-10-03 16:32:01','2018-10-03 18:45:01');
/*!40000 ALTER TABLE `players` ENABLE KEYS */;
UNLOCK TABLES;

--
-- Table structure for table `stats`
--

DROP TABLE IF EXISTS `stats`;
/*!40101 SET @saved_cs_client     = @@character_set_client */;
/*!40101 SET character_set_client = utf8 */;
CREATE TABLE `stats` (
  `id` int(11) unsigned NOT NULL AUTO_INCREMENT,
  `playerid` int(11) DEFAULT '0',
  `p_tot_g` int(11) DEFAULT '0',
  `p_loss_g` int(11) DEFAULT '0',
  `p_won_g` int(11) DEFAULT '0',
  `p_win_percent` int(11) DEFAULT '0',
  PRIMARY KEY (`id`)
) ENGINE=InnoDB DEFAULT CHARSET=latin1;
/*!40101 SET character_set_client = @saved_cs_client */;

--
-- Dumping data for table `stats`
--

LOCK TABLES `stats` WRITE;
/*!40000 ALTER TABLE `stats` DISABLE KEYS */;
/*!40000 ALTER TABLE `stats` ENABLE KEYS */;
UNLOCK TABLES;

--
-- Table structure for table `users`
--

DROP TABLE IF EXISTS `users`;
/*!40101 SET @saved_cs_client     = @@character_set_client */;
/*!40101 SET character_set_client = utf8 */;
CREATE TABLE `users` (
  `id` int(11) unsigned NOT NULL AUTO_INCREMENT,
  `playerid` int(11) NOT NULL DEFAULT '0',
  `name` varchar(255) NOT NULL DEFAULT '',
  `email` varchar(255) NOT NULL DEFAULT '',
  `password` varchar(1024) NOT NULL DEFAULT '',
  `ts_insert` timestamp NOT NULL DEFAULT CURRENT_TIMESTAMP,
  `ts_update` timestamp NULL DEFAULT NULL ON UPDATE CURRENT_TIMESTAMP,
  `ts_lastlogin` timestamp NULL DEFAULT NULL,
  `isAdmin` tinyint(4) NOT NULL DEFAULT '0',
  `canAddGame` tinyint(4) NOT NULL DEFAULT '0',
  `isApproved` tinyint(4) NOT NULL DEFAULT '0',
  `claimedPlayerId` int(11) NOT NULL DEFAULT '0',
  PRIMARY KEY (`id`),
  UNIQUE KEY `idusers_UNIQUE` (`id`),
  UNIQUE KEY `usermail_UNIQUE` (`email`)
) ENGINE=InnoDB AUTO_INCREMENT=6 DEFAULT CHARSET=latin1;
/*!40101 SET character_set_client = @saved_cs_client */;

--
-- Dumping data for table `users`
--

LOCK TABLES `users` WRITE;
/*!40000 ALTER TABLE `users` DISABLE KEYS */;
INSERT INTO `users` VALUES (1,0,'schwiddi','schwiddi@me.com','$2b$10$L1YflaenUUgZIquPebB/Ju3TaKKBqsjtnQ.ztArXKY2aeolryynh2','2018-10-04 16:32:50','2018-10-11 05:31:15','2018-10-11 05:31:15',1,1,1,0),(2,0,'Uli','staubi79@me.com','$2b$10$S66.P1bQ4MzUC1Ixjctsk.N1E7poRrd2qPUeEJ4G.Li624FZfjmSu','2018-10-04 16:50:13','2018-10-05 19:06:21','2018-10-05 19:06:21',0,1,1,0),(3,0,'Bärii','baergi@hotmail.com','$2b$10$A0oCCN1I86TBCyoUCfEf7e9BzQj98XwV4IUIP9ilMfRfhln2KuwS.','2018-10-04 18:12:36','2018-10-04 18:35:13','2018-10-04 18:35:13',0,0,1,0),(4,0,'Kante','manfredcandussi@gmail.com','$2b$10$f81mRo55xvgtaew7pZfubOkZJHVsi1BgBECKyVp.cj9ecL7td3FLa','2018-10-04 19:54:51','2018-10-04 19:56:02','2018-10-04 19:56:02',0,0,1,0),(5,0,'klees o‘klixivan','claudio_@bluewin.ch','$2b$10$sTnPd7pON41fQplMe4kZoe.KSD7gwuM1EceIttZFuTOOLrf2pOT86','2018-10-08 18:13:06','2018-10-08 18:47:38','2018-10-08 18:47:38',0,0,1,0);
/*!40000 ALTER TABLE `users` ENABLE KEYS */;
UNLOCK TABLES;
/*!40103 SET TIME_ZONE=@OLD_TIME_ZONE */;

/*!40101 SET SQL_MODE=@OLD_SQL_MODE */;
/*!40014 SET FOREIGN_KEY_CHECKS=@OLD_FOREIGN_KEY_CHECKS */;
/*!40014 SET UNIQUE_CHECKS=@OLD_UNIQUE_CHECKS */;
/*!40101 SET CHARACTER_SET_CLIENT=@OLD_CHARACTER_SET_CLIENT */;
/*!40101 SET CHARACTER_SET_RESULTS=@OLD_CHARACTER_SET_RESULTS */;
/*!40101 SET COLLATION_CONNECTION=@OLD_COLLATION_CONNECTION */;
/*!40111 SET SQL_NOTES=@OLD_SQL_NOTES */;

-- Dump completed on 2018-10-12 12:25:11
